{
  "score_hcu_proxy": {
    "train_rmse": 0.14636306390866977,
    "test_rmse": 1.038821306504367,
    "test_r2": 0.9792769933946864,
    "cv_r2_mean": 0.9272366070042087,
    "cv_r2_std": 0.11611927512133675
  },
  "score_eeat_proxy": {
    "train_rmse": 0.15678635971082622,
    "test_rmse": 0.3694621697622902,
    "test_r2": 0.9999207725492337,
    "cv_r2_mean": 0.9639808330168096,
    "cv_r2_std": 0.0638254604472671
  },
  "score_aeo_proxy": {
    "train_rmse": 0.06933942385947502,
    "test_rmse": 2.954804829861603,
    "test_r2": 0.8090589102216745,
    "cv_r2_mean": 0.7371266106518123,
    "cv_r2_std": 0.24633728947132386
  }
}