{
  "score_overall_proxy": {
    "train_rmse": 0.13736524977385492,
    "test_rmse": 0.6670307524151969,
    "test_r2": 0.9997641399721904,
    "cv_r2_mean": 0.922690281253832,
    "cv_r2_std": 0.14449818515597795
  },
  "score_hcu_proxy": {
    "train_rmse": 0.14869548073533997,
    "test_rmse": 1.013742250730465,
    "test_r2": 0.9802654983789482,
    "cv_r2_mean": 0.938949073917831,
    "cv_r2_std": 0.09467318518666308
  },
  "score_eeat_proxy": {
    "train_rmse": 0.15650996524201827,
    "test_rmse": 0.39422188609368775,
    "test_r2": 0.9999097977870619,
    "cv_r2_mean": 0.9631579206246229,
    "cv_r2_std": 0.062480708090085345
  },
  "score_aeo_proxy": {
    "train_rmse": 0.08500996084998873,
    "test_rmse": 2.929425414701088,
    "test_r2": 0.8123248867890217,
    "cv_r2_mean": 0.7360350064189081,
    "cv_r2_std": 0.24372451340817
  }
}